Top queries,8/15/26 - 8/17/26 Clicks,8/22/26 - 8/23/26 Clicks,8/15/26 - 8/17/26 Impressions,8/22/26 - 8/23/26 Impressions,8/15/26 - 8/17/26 CTR,8/22/26 - 8/23/26 CTR,8/15/26 - 8/17/26 Position,8/22/26 - 8/23/26 Position
metronet,65,6,6627,62,0.98%,9.68%,5.71,6.97
metronet internet,21,0,1040,38,2.02%,0%,4.22,11.5
metronet bloomington il,10,0,91,1,10.99%,0%,4.42,4
metronet ames,6,1,17,3,35.29%,33.33%,3.29,1.67
metronet fiber,5,0,197,1,2.54%,0%,7.29,38
metronet wifi,5,0,54,0,9.26%,0%,4.09,0
metronet plans,4,0,33,0,12.12%,0%,5.91,0
metronet hickory nc,4,6,14,11,28.57%,54.55%,3.93,1.18
metronet customer service,3,0,886,6,0.34%,0%,7.39,2
metro net,3,0,282,0,1.06%,0%,6.97,0
metronet lexington ky,3,0,99,0,3.03%,0%,3.24,0
metronet internet plans,3,0,50,1,6%,0%,14.36,35
metronet availability,3,0,42,0,7.14%,0%,4.07,0
metronet waterloo iowa,3,0,30,1,10%,0%,13.87,8
metronet student discount,3,0,21,3,14.29%,0%,12.38,6
metronet west lafayette,3,0,20,0,15%,0%,2.6,0
is metronet available in my area,3,0,19,0,15.79%,0%,10.47,0
services offered by metronet lafayette,3,0,4,0,75%,0%,1,0
metronet careers,2,0,65,0,3.08%,0%,6.15,0
metronet fayetteville nc,2,0,36,0,5.56%,0%,4.81,0
metronet home internet,2,0,35,0,5.71%,0%,4.63,0
metronet davenport iowa,2,0,20,0,10%,0%,3.05,0
metronet normal il,2,0,15,1,13.33%,0%,3.2,9
metronet mason city,2,0,10,0,20%,0%,5.5,0
metronet carmel indiana,2,0,10,0,20%,0%,7.2,0
metronet coralville ia,2,0,8,0,25%,0%,7.62,0
metronet availability check,2,0,5,0,40%,0%,2,0
metronet ann arbor,2,0,4,0,50%,0%,4.75,0
metronet troy ohio,2,0,3,0,66.67%,0%,1.33,0
metronet st charles il,2,0,3,0,66.67%,0%,1.67,0
metronet phone number,1,0,220,0,0.45%,0%,8.01,0
metronet tallahassee,1,0,147,0,0.68%,0%,5.12,0
metronet fiber internet,1,0,80,0,1.25%,0%,6.62,0
metronet near me,1,0,52,0,1.92%,0%,6.63,0
metronet rochester mn,1,0,50,0,2%,0%,6.08,0
metronet prices,1,0,42,1,2.38%,0%,15.64,38
metronet lafayette,1,0,41,0,2.44%,0%,5.76,0
metro net fiber,1,0,41,0,2.44%,0%,11.07,0
metronet omaha,1,0,32,0,3.12%,0%,3.53,0
metronet sioux city,1,0,32,0,3.12%,0%,3.66,0
metronet phone number customer service,1,0,31,0,3.23%,0%,7.68,0
metronet colorado springs,1,0,30,0,3.33%,0%,4.43,0
metro internet,1,0,27,0,3.7%,0%,6.85,0
metronet packages,1,0,21,0,4.76%,0%,12.14,0
metronet new customer,1,0,19,0,5.26%,0%,4.68,0
metronet cable,1,0,18,0,5.56%,0%,10.5,0
metronet richmond ky,1,0,18,0,5.56%,0%,14.5,0
metronet lansing,1,0,16,0,6.25%,0%,5.5,0
metrolink internet,1,0,15,1,6.67%,0%,6.27,6
metronet rates,1,0,15,0,6.67%,0%,6.47,0
metronet ames iowa,1,0,14,7,7.14%,0%,5.14,7.71
metro.net,1,0,14,0,7.14%,0%,13,0
metronet deals,1,0,13,0,7.69%,0%,13.08,0
metronet deals for existing customers,1,0,12,0,8.33%,0%,5,0
metronet iowa city,1,0,12,0,8.33%,0%,6.17,0
metronet internet cost,1,0,12,4,8.33%,0%,7,6.25
metronet internet prices per month,1,0,11,0,9.09%,0%,3.36,0
metronet lexington,1,0,11,0,9.09%,0%,3.73,0
metronet davenport,1,0,10,1,10%,0%,4.2,30
metronet check availability,1,0,10,0,10%,0%,6.6,0
metro fiber,1,0,10,0,10%,0%,10,0
metronet batavia il,1,0,9,0,11.11%,0%,1.44,0
metronet greenwood indiana,1,0,9,8,11.11%,0%,5.78,1
metronet hope mills nc,1,0,9,1,11.11%,0%,7,12
metronet naperville,1,1,8,5,12.5%,20%,1,1
metronet raeford north carolina,1,0,8,0,12.5%,0%,1.62,0
metronet norfolk va,1,0,8,0,12.5%,0%,3.25,0
metronet plans and pricing,1,0,8,0,12.5%,0%,4.75,0
metronet mankato,1,0,6,0,16.67%,0%,2.83,0
metronet ames ia,1,0,6,2,16.67%,0%,7,12.5
metronet pricing per month,1,0,5,0,20%,0%,3,0
mertonet,1,0,5,0,20%,0%,3.6,0
metronet westfield indiana,1,0,5,0,20%,0%,3.6,0
metronet sugar grove il,1,0,5,2,20%,0%,4.4,2
internet providers carmel,1,0,5,0,20%,0%,10,0
metronet faribault mn,1,1,4,4,25%,25%,1.25,1
metronet findlay ohio,1,0,4,0,25%,0%,2.75,0
metronet tallahassee florida,1,0,4,0,25%,0%,5.75,0
metronet fiber colorado springs,1,0,2,0,50%,0%,1,0
5 gig internet near me,1,0,2,0,50%,0%,3,0
naperville fiber internet,1,0,2,0,50%,0%,11.5,0
norfolk internet,1,0,2,0,50%,0%,12,0
fiber internet findlay ohio,1,0,2,0,50%,0%,39.5,0
best internet available at my address,1,0,1,0,100%,0%,1,0
fastest speeds,1,0,1,0,100%,0%,2,0
fiber internet,0,0,150,3,0%,0%,14.53,7.33
metro net internet,0,0,123,1,0%,0%,3.8,2
home internet near me,0,0,119,0,0%,0%,25.97,0
metonet,0,0,116,0,0%,0%,7.3,0
phone number for metronet,0,0,99,0,0%,0%,7.95,0
metronet customer service number,0,0,92,0,0%,0%,6.18,0
fiber optic internet,0,0,92,0,0%,0%,10.15,0
fiber internet near me,0,0,80,0,0%,0%,18.44,0
metronet customer service phone number,0,0,77,0,0%,0%,7.27,0
metronet pricing,0,0,76,2,0%,0%,7.79,20.5
metronet lafayette indiana,0,0,69,0,0%,0%,4.54,0
waterloo fiber,0,0,58,0,0%,0%,6.79,0
internet providers near me,0,0,58,0,0%,0%,23.19,0
what is metronet,0,0,54,0,0%,0%,3.96,0
home internet,0,0,52,0,0%,0%,32.1,0
internet service,0,0,50,0,0%,0%,17.64,0
metronet customer service phone number 24/7,0,0,44,0,0%,0%,8.5,0
home internet service,0,0,44,0,0%,0%,33.52,0
metronet.com,0,0,43,0,0%,0%,5.88,0
metronet phone number 24/7,0,0,43,0,0%,0%,8.6,0
metronet greenville nc,0,0,39,0,0%,0%,14.64,0
metronet availability map,0,0,36,0,0%,0%,7.5,0
mm140838 business.metro.net,0,0,35,0,0%,0%,9.4,0
metronet service,0,0,33,1,0%,0%,6.61,2
metronet internet service,0,0,32,0,0%,0%,6.03,0
metronet internet prices,0,0,32,0,0%,0%,7.31,0
metronet des moines,0,0,31,0,0%,0%,8.42,0
fiber optic internet near me,0,0,31,0,0%,0%,12.77,0
metronet number,0,0,29,0,0%,0%,8.48,0
metronet coverage map,0,0,28,0,0%,0%,10.07,0
metronet galesburg data center,0,0,27,0,0%,0%,2.96,0
metronet office near me,0,0,27,0,0%,0%,6.74,0
metronet phone number live person,0,0,26,0,0%,0%,6.96,0
best internet provider,0,0,26,0,0%,0%,35.15,0
metronet price,0,0,25,0,0%,0%,7.2,0
metronet technical support phone number,0,0,25,0,0%,0%,8.88,0
metronet hours,0,0,24,0,0%,0%,8.5,0
internet providers richmond ky,0,0,24,15,0%,0%,13.42,11.87
internet provider,0,0,24,0,0%,0%,24.38,0
fiber internet indianapolis,0,0,23,0,0%,0%,20.09,0
metronet in my area,0,0,22,0,0%,0%,5.5,0
metro fibernet,0,0,22,1,0%,0%,8.32,7
internet service provider near me,0,0,22,0,0%,0%,23.5,0
metronet deals for new customers,0,0,21,0,0%,0%,3,0
metro fiber internet,0,0,21,0,0%,0%,7.14,0
metronet grand rapids,0,0,20,0,0%,0%,7.05,0
metronet norfolk,0,0,19,0,0%,0%,4,0
metronet isp,0,0,19,0,0%,0%,4.32,0
metroney,0,0,19,0,0%,0%,5.11,0
metronet indianapolis,0,0,19,0,0%,0%,5.84,0
metronet support,0,0,19,0,0%,0%,7.32,0
metronet austin mn,0,0,19,1,0%,0%,13.16,2
home internet providers near me,0,0,19,0,0%,0%,28.79,0
metronet.com galesburg data center,0,0,18,0,0%,0%,3.94,0
metronet vincennes,0,0,18,0,0%,0%,7.17,0
metronet cost,0,0,18,0,0%,0%,8.11,0
metronet services,0,0,18,0,0%,0%,9.06,0
metronet jobs,0,0,18,0,0%,0%,9.72,0
metronet ankeny,0,0,18,0,0%,0%,16.83,0
internet services near me,0,0,18,0,0%,0%,24.83,0
internet services providers near me,0,0,18,0,0%,0%,26.39,0
metronet tv and internet packages,0,0,18,1,0%,0%,31,53
metronet customer service phone number live person,0,0,17,0,0%,0%,7.88,0
fiber internet in my area,0,0,17,0,0%,0%,16.88,0
palm coast internet providers,0,0,17,0,0%,0%,22.76,0
internet near me,0,0,17,0,0%,0%,23.47,0
internet service providers near me,0,0,17,0,0%,0%,26.29,0
metronet waterloo,0,0,16,0,0%,0%,4.5,0
metronet internet deals,0,0,16,0,0%,0%,7.81,0
metronet contact number,0,0,16,0,0%,0%,8.75,0
metronet tech support,0,0,16,0,0%,0%,8.94,0
metronet service map,0,0,16,0,0%,0%,9.12,0
internet providers palm coast fl,0,0,16,0,0%,0%,16,0
internet providers davenport ia,0,0,16,0,0%,0%,17.25,0
internet lexington ky,0,0,16,0,0%,0%,19.19,0
internet plans,0,0,16,0,0%,0%,19.75,0
metronet promotions,0,0,16,4,0%,0%,21.12,1.75
internet provider near me,0,0,16,0,0%,0%,25.56,0
internet services in my area,0,0,16,0,0%,0%,27.25,0
broadband internet,0,0,16,0,0%,0%,29.25,0
internet providers greenville nc,0,0,16,0,0%,0%,30.81,0
what is metro net,0,0,16,0,0%,0%,31.31,0
home internet service in my area,0,0,16,0,0%,0%,32.19,0
best internet service near me,0,0,16,0,0%,0%,34.25,0
fiber internet colorado springs,0,0,16,0,0%,0%,37.69,0
metronet bryan tx,0,0,15,0,0%,0%,2.87,0
internet providers in davenport iowa,0,0,15,0,0%,0%,19.73,0
metronet support number,0,0,15,0,0%,0%,19.93,0
home internet services near me,0,0,15,0,0%,0%,29,0
home internet service near me,0,0,15,0,0%,0%,29.87,0
internet providers lexington ky,0,0,15,0,0%,0%,37.47,0
internet providers fayetteville nc,0,0,15,0,0%,0%,38.33,0
internet providers detroit,0,0,15,0,0%,0%,43.73,0
internet metronet,0,0,14,0,0%,0%,4.71,0
metroner,0,0,14,0,0%,0%,5.29,0
metronet new customer deals,0,0,14,0,0%,0%,5.43,0
metronet retail,0,0,14,0,0%,0%,7,0
877-407-3224,0,0,14,0,0%,0%,7.43,0
metronet daytona beach fl,0,0,14,0,0%,0%,7.57,0
prior lake internet,0,0,14,0,0%,0%,19.43,0
metronet map,0,0,14,0,0%,0%,30.71,0
fiber internet orlando,0,0,14,0,0%,0%,31.29,0
internet services for my address,0,0,14,0,0%,0%,31.29,0
metronet tv package prices,0,0,14,1,0%,0%,36.64,56
metronet discounts,0,0,14,0,0%,0%,37.14,0
metronet madison indiana,0,0,13,0,0%,0%,7.08,0
metronet crawfordsville,0,0,13,0,0%,0%,7.69,0
metronet pay by phone,0,0,13,0,0%,0%,7.85,0
metronet customer service phone number 24 7,0,0,13,0,0%,0%,9.08,0
metronet pay my bill phone number,0,0,13,0,0%,0%,10.54,0
internet waterville minnesota,0,0,13,0,0%,0%,11.38,0
metronet coverage,0,0,13,0,0%,0%,16,0
internet providers palm coast,0,0,13,0,0%,0%,18.46,0
metronet huntington indiana,0,0,13,0,0%,0%,21.77,0
internet providers,0,0,13,0,0%,0%,22.92,0
internet providers in my area,0,0,13,0,0%,0%,27.15,0
internet in my area,0,0,13,0,0%,0%,28.08,0
metronet galesburg,0,0,12,0,0%,0%,3.75,0
metronet st. charles,0,0,12,1,0%,0%,4,1
is metronet in my area,0,0,12,0,0%,0%,6.25,0
metronet palm coast,0,0,12,0,0%,0%,6.42,0
is metronet available at my address,0,0,12,0,0%,0%,7.25,0
metronet customer support,0,0,12,0,0%,0%,7.42,0
metronet daytona beach florida,0,0,12,0,0%,0%,7.58,0
metronet beavercreek ohio,0,0,12,1,0%,0%,7.67,16
metronet northfield mn,0,0,12,2,0%,0%,8.08,5.5
metronet internet phone number,0,0,12,0,0%,0%,9,0
metronet geneva minnesota,0,0,12,0,0%,0%,9.25,0
fiber internet climax nc,0,0,12,0,0%,0%,18.33,0
internet providers port orange fl,0,0,12,0,0%,0%,19.83,0
internet service providers in my area,0,0,12,0,0%,0%,22.08,0
metronet iowa city ia,0,0,12,0,0%,0%,25.92,0
metronet mason city iowa,0,0,12,0,0%,0%,26.08,0
internet service in my area,0,0,12,0,0%,0%,26.58,0
fiber internet in daytona beach,0,0,12,0,0%,0%,27.42,0
internet service near me,0,0,12,0,0%,0%,27.75,0
fiber internet grand rapids,0,0,12,0,0%,0%,28,0
internet service provider in my area,0,0,12,0,0%,0%,28.92,0
metronet victoria mn,0,0,12,0,0%,0%,30.17,0
internet providers dayton ohio,0,0,12,0,0%,0%,35.17,0
metronet galesburg tier iii,0,0,11,0,0%,0%,2,0
metronet fiber availability,0,0,11,0,0%,0%,4.45,0
metronet ormond beach florida,0,0,11,3,0%,0%,4.73,5.33
metronet bloomington illinois,0,0,11,0,0%,0%,4.91,0
metronwt,0,0,11,0,0%,0%,6,0
(877) 407-3224,0,0,11,0,0%,0%,6.27,0
metronet south indianapolis,0,0,11,0,0%,0%,6.45,0
metro net customer service,0,0,11,0,0%,0%,6.91,0
metronet 800 number,0,0,11,0,0%,0%,7,0
metronet lebanon in,0,0,11,0,0%,0%,8.09,0
contact metronet,0,0,11,0,0%,0%,8.73,0
metronet beavercreek,0,0,11,0,0%,0%,9.27,0
metro net wifi,0,0,11,0,0%,0%,9.45,0
metronet franklin,0,0,11,0,0%,0%,9.64,0
metronet locations,0,0,11,0,0%,0%,9.91,0
metronet fiber map,0,0,11,0,0%,0%,11.55,0
internet huntington indiana,0,0,11,0,0%,0%,18.09,0
metronet owatonna,0,0,11,0,0%,0%,22.36,0
metronet lebanon indiana,0,0,11,0,0%,0%,23.73,0
fiber optic internet orlando,0,0,11,0,0%,0%,28.09,0
internet home service,0,0,11,0,0%,0%,33.73,0
isp rochester mn,0,0,11,0,0%,0%,37.91,0
internet providers colorado springs,0,0,11,0,0%,0%,46.18,0
metronet norwood young america minnesota,0,0,10,4,0%,0%,4.7,2
metronet ormond beach,0,0,10,6,0%,0%,5.8,6.17
metronet owatonna mn,0,0,10,0,0%,0%,6.1,0
metronet zionsville indiana,0,0,10,0,0%,0%,6.1,0
metronet clive ia,0,0,10,0,0%,0%,6.2,0
metronet connersville indiana,0,0,10,0,0%,0%,6.2,0
metronet service area,0,0,10,0,0%,0%,6.7,0
metronet 2gb,0,0,10,0,0%,0%,6.9,0
metronet madison,0,0,10,0,0%,0%,7.4,0
metronet tech support number,0,0,10,0,0%,0%,7.9,0
metronet technical support,0,0,10,0,0%,0%,8.3,0
metronet speeds,0,0,10,0,0%,0%,8.6,0
metronet dundas mn,0,0,10,0,0%,0%,9,0
metronet brookville oh,0,0,10,0,0%,0%,10,0
metronet store near me,0,0,10,3,0%,0%,10.2,8
fiber optics internet,0,0,10,0,0%,0%,20.7,0
metronet new bern nc,0,0,10,0,0%,0%,21.4,0
internet services in climax nc,0,0,10,0,0%,0%,24.7,0
what internet service is in my area,0,0,10,0,0%,0%,28.2,0
metronet northfield minnesota,0,0,10,0,0%,0%,30.5,0
internet providers toledo ohio,0,0,10,0,0%,0%,34.8,0
internet providers lafayette indiana,0,0,10,0,0%,0%,38.3,0
fiber in efland nc,0,0,10,0,0%,0%,39.6,0
internet omaha,0,0,10,0,0%,0%,42,0
internet providers omaha,0,0,10,0,0%,0%,47.7,0
metronet dexter,0,0,9,3,0%,0%,1.89,2
metronet galesburg tier iii pue,0,0,9,0,0%,0%,2,0
metronet galesburg data center 13800,0,0,9,0,0%,0%,3,0
metronet piqua oh,0,0,9,0,0%,0%,3.67,0
metronet blooming prairie,0,0,9,5,0%,0%,4,2
metronet belle plaine,0,0,9,0,0%,0%,4.22,0
metronet fishers indiana,0,0,9,0,0%,0%,5.22,0
metronet seymour indiana,0,0,9,0,0%,0%,5.78,0
internet providers batavia illinois,0,0,9,4,0%,0%,6,5.25
metronet austin minnesota,0,0,9,0,0%,0%,6.22,0
metronet cannon city minnesota,0,0,9,0,0%,0%,6.22,0
metronet jacksonville nc,0,0,9,1,0%,0%,6.22,2
metronet cost per month,0,0,9,0,0%,0%,6.67,0
metronet nicholasville kentucky,0,0,9,0,0%,0%,6.78,0
metronet internet customer service,0,0,9,0,0%,0%,7.11,0
internet providers nicholasville ky,0,0,9,7,0%,0%,8,7.14
internet dexter mn,0,0,9,0,0%,0%,8.11,0
metronet lakeville minnesota,0,0,9,0,0%,0%,8.11,0
metronet specials,0,0,9,0,0%,0%,8.33,0
internet providers geneva il,0,0,9,0,0%,0%,8.44,0
metronet vincennes indiana,0,0,9,0,0%,0%,8.44,0
metronet lansing michigan,0,0,9,0,0%,0%,8.67,0
metronet bloomington il phone number,0,0,9,0,0%,0%,8.78,0
metronet altamonte springs fl,0,0,9,0,0%,0%,9,0
metronet customer service hours,0,0,9,0,0%,0%,9.33,0
metro net phone number,0,0,9,0,0%,0%,9.78,0
metronet phone,0,0,9,0,0%,0%,10.33,0
metronet package prices,0,0,9,0,0%,0%,11.56,0
metronet plano illinois,0,0,9,0,0%,0%,11.56,0
mtronet,0,0,9,0,0%,0%,19.67,0
metronet offers,0,0,9,0,0%,0%,20,0
metronet lansing mi,0,0,9,0,0%,0%,20.33,0
fiber in daytona beach,0,0,9,0,0%,0%,25.89,0
fiber internet in lafayette,0,0,9,0,0%,0%,27.78,0
fiber internet hurdle mills nc,0,0,9,0,0%,0%,32.67,0
home internet service providers,0,0,9,0,0%,0%,35.33,0
fiber internet weathersfield oh,0,0,9,0,0%,0%,37.11,0
internet service providers at my address,0,0,9,0,0%,0%,37.11,0
internet providers in hurdle mills nc,0,0,9,0,0%,0%,40.33,0
metronet versailles,0,0,8,4,0%,0%,2.5,2.5
metronet plano,0,0,8,0,0%,0%,3,0
fiber internet colona il,0,0,8,0,0%,0%,3.25,0
metronet bettendorf,0,0,8,0,0%,0%,3.25,0
fiber internet geneva illinois,0,0,8,0,0%,0%,3.5,0
metronet residential,0,0,8,1,0%,0%,3.75,7
metronet bloomington,0,0,8,0,0%,0%,4.25,0
internet colona illinois,0,0,8,0,0%,0%,4.38,0
metronet mayer minnesota,0,0,8,0,0%,0%,4.62,0
metronet connersville mn,0,0,8,0,0%,0%,4.88,0
metronet romeoville illinois,0,0,8,0,0%,0%,5,0
metronet blooming prairie minnesota,0,0,8,1,0%,0%,6,2
metronet west milton ohio,0,0,8,0,0%,0%,6,0
metronet stewartville,0,0,8,0,0%,0%,6.38,0
metronet iowa city iowa,0,0,8,0,0%,0%,6.5,0
metronet lafayette in,0,0,8,0,0%,0%,6.5,0
metronet clive iowa,0,0,8,0,0%,0%,6.62,0
metronet iowa falls,0,0,8,0,0%,0%,6.88,0
metronet service number,0,0,8,0,0%,0%,7,0
cost of metronet internet,0,0,8,0,0%,0%,7.25,0
metronet blooming prairie mn,0,0,8,3,0%,0%,7.25,2
metronet gilbert,0,0,8,0,0%,0%,7.38,0
metronet des moines iowa,0,0,8,0,0%,0%,7.5,0
metronet indianapolis indiana,0,0,8,0,0%,0%,7.88,0
metronet phone service,0,0,8,0,0%,0%,8,0
metronet ankeny ia,0,0,8,0,0%,0%,8.12,0
www metronet com,0,0,8,0,0%,0%,8.12,0
metronet pricing for seniors,0,0,8,0,0%,0%,8.38,0
metronet hidden fees,0,0,8,0,0%,0%,8.5,0
metronet pricing plans,0,0,8,0,0%,0%,9.12,0
metronet internet packages,0,0,8,0,0%,0%,9.38,0
fiber internet palm coast,0,0,8,0,0%,0%,9.75,0
fiber internet hope mills,0,0,8,0,0%,0%,10,0
internet blooming prairie minnesota,0,0,8,0,0%,0%,10.75,0
metronet beavercreek oh,0,0,8,0,0%,0%,10.88,0
metronet plainfield il,0,0,8,0,0%,0%,12,0
metronet speed test,0,0,8,1,0%,0%,12.62,3
wifi internet providers near me,0,0,8,0,0%,0%,21.38,0
cable internet lexington ky,0,0,8,0,0%,0%,21.5,0
internet services,0,0,8,0,0%,0%,28.12,0
best internet service in my area,0,0,8,0,0%,0%,30.25,0
internet provider service,0,0,8,0,0%,0%,32.5,0
home internet providers,0,0,8,0,0%,0%,33.75,0
fiber in tallahassee,0,0,8,0,0%,0%,34.5,0
fiber internet in tallahassee,0,0,8,0,0%,0%,35.5,0
metronet promo code,0,0,8,0,0%,0%,35.75,0
internet services for my area,0,0,8,0,0%,0%,37.75,0
internet detroit,0,0,8,0,0%,0%,39.38,0
metronet wilmore,0,0,7,5,0%,0%,1.71,1.8
metronet galesburg opposition,0,0,7,0,0%,0%,2,0
metronet jordan minnesota,0,0,7,4,0%,0%,2,2
godatacenters.com metronet galesburg,0,0,7,0,0%,0%,2.86,0
metronet cologne minnesota,0,0,7,0,0%,0%,3,0
metronet ellendale,0,0,7,0,0%,0%,3,0
metronet granger in,0,0,7,2,0%,0%,3,3
metronet south elgin illinois,0,0,7,0,0%,0%,3,0
metronet ellendale mn,0,0,7,0,0%,0%,3.14,0
metronet new service,0,0,7,0,0%,0%,3.86,0
internet colona il,0,0,7,0,0%,0%,4,0
metronet la crosse wi,0,0,7,1,0%,0%,4,5
fiber internet batavia illinois,0,0,7,0,0%,0%,5.29,0
fiber internet blooming prairie,0,0,7,1,0%,0%,5.71,1
8774073224,0,0,7,0,0%,0%,5.86,0
fiber internet hope mills north carolina,0,0,7,0,0%,0%,6,0
metronet fiber optic,0,0,7,0,0%,0%,6.14,0
metronet internet provider,0,0,7,0,0%,0%,6.14,0
metronet lakeville mn,0,0,7,2,0%,0%,6.29,17
metronet east moline illinois,0,0,7,0,0%,0%,6.43,0
metronet coralville iowa,0,0,7,2,0%,0%,6.57,1.5
metronet west milton,0,0,7,0,0%,0%,6.57,0
metronet piqua,0,0,7,0,0%,0%,6.71,0
metronet hamburg,0,0,7,0,0%,0%,6.86,0
metronet greenwood,0,0,7,0,0%,0%,7,0
metronet availability by address,0,0,7,0,0%,0%,7.14,0
metronet piqua ohio,0,0,7,0,0%,0%,7.14,0
metronet tv package prices per month,0,0,7,0,0%,0%,7.29,0
metronet website,0,0,7,0,0%,0%,7.29,0
metronet iowa falls iowa,0,0,7,0,0%,0%,7.43,0
metronet jacksonville,0,0,7,0,0%,0%,7.43,0
metronet lawrence in,0,0,7,0,0%,0%,7.57,0
metronet mankato minnesota,0,0,7,0,0%,0%,7.71,0
metronet daytona beach,0,0,7,0,0%,0%,7.86,0
metronet west milton oh,0,0,7,0,0%,0%,7.86,0
metronet hayfield mn,0,0,7,0,0%,0%,8.29,0
metronet call,0,0,7,0,0%,0%,9.14,0
metronet contact,0,0,7,0,0%,0%,9.43,0
metronet stewartville mn,0,0,7,0,0%,0%,9.43,0
internet providers geneva illinois,0,0,7,3,0%,0%,9.57,7
call metronet customer service,0,0,7,0,0%,0%,9.86,0
metronet le roy minnesota,0,0,7,0,0%,0%,10,0
metronet colona il,0,0,7,0,0%,0%,10.14,0
metronetinc com,0,0,7,0,0%,0%,10.14,0
metronet carmel in,0,0,7,0,0%,0%,10.57,0
metronet new castle in,0,0,7,0,0%,0%,10.86,0
metronet grand rapids mi,0,0,7,0,0%,0%,11,0
metronet internet and tv packages,0,0,7,0,0%,0%,11,0
how to reset metronet router,0,0,7,0,0%,0%,11.14,0
fiber internet climax michigan,0,0,7,0,0%,0%,11.29,0
metrocast technical support,0,0,7,0,0%,0%,15.71,0
internet ames iowa,0,0,7,0,0%,0%,16.57,0
west des moines internet,0,0,7,0,0%,0%,20.14,0
internet in indianapolis,0,0,7,0,0%,0%,20.29,0
fiber internet daytona beach fl,0,0,7,0,0%,0%,21.57,0
isp in climax nc,0,0,7,0,0%,0%,24.14,0
fiber in lafayette,0,0,7,0,0%,0%,24.57,0
internet providers in climax nc,0,0,7,0,0%,0%,26.29,0
fiber internet omaha,0,0,7,0,0%,0%,27.43,0
best internet provider in my area,0,0,7,0,0%,0%,27.57,0
"fiber backbone installation orlando, fl",0,0,7,0,0%,0%,29.29,0
metronet huntington,0,0,7,0,0%,0%,29.29,0
colorado springs internet,0,0,7,0,0%,0%,42.29,0
internet services at my address,0,0,7,0,0%,0%,42.29,0
metronet rosemount mn,0,0,7,0,0%,0%,56.86,0
metronet jewell iowa,0,0,6,0,0%,0%,1.83,0
metronet dexter minnesota,0,0,6,8,0%,0%,2,2
metronet bryan,0,0,6,0,0%,0%,2.33,0
metronet lexington kentucky,0,0,6,0,0%,0%,2.5,0
metronet west lafayette indiana,0,0,6,0,0%,0%,2.5,0
metronet findlay,0,0,6,0,0%,0%,2.83,0
metronet internet lexington ky,0,0,6,0,0%,0%,2.83,0
metronet st. peters minnesota,0,0,6,0,0%,0%,2.83,0
metronet berea,0,0,6,0,0%,0%,3,0
metronet fayetteville,0,0,6,0,0%,0%,3,0
metronet geneva illinois,0,0,6,0,0%,0%,3,0
metronet waconia mn,0,0,6,0,0%,0%,3,0
metronet waconia minnesota,0,0,6,0,0%,0%,3.5,0
metro net near me,0,0,6,1,0%,0%,3.67,76
metro net omaha,0,0,6,0,0%,0%,3.67,0
metronet seymour,0,0,6,0,0%,0%,3.83,0
metronet sheffield,0,0,6,0,0%,0%,3.83,0
metronet fishers,0,0,6,0,0%,0%,4,0
metornet,0,0,6,0,0%,0%,4.5,0
metronet lebanon,0,0,6,0,0%,0%,4.67,0
metronet south bend,0,0,6,0,0%,0%,4.83,0
fiber internet plainfield il,0,0,6,4,0%,0%,5.17,7.25
metro net prices,0,0,6,0,0%,0%,5.17,0
metronet plano il,0,0,6,0,0%,0%,5.67,0
metronet waterloo iowa phone number,0,0,6,0,0%,0%,5.83,0
metronrt,0,0,6,0,0%,0%,5.83,0
metronet new bern,0,0,6,0,0%,0%,6,0
metronet owatonna minnesota,0,0,6,0,0%,0%,6,0
metronet connersville,0,0,6,0,0%,0%,6.5,0
metronet nicholasville ky,0,0,6,0,0%,0%,6.5,0
metronet st. peters,0,0,6,4,0%,0%,6.5,2
metronet business,0,0,6,1,0%,0%,6.67,34
metronet precios,0,0,6,0,0%,0%,7,0
metronet stewartville minnesota,0,0,6,0,0%,0%,7,0
metro net number,0,0,6,0,0%,0%,7.17,0
metronet wilmore kentucky,0,0,6,2,0%,0%,7.33,2
metronet richmond,0,0,6,3,0%,0%,7.5,2
metronet sycamore il,0,0,6,0,0%,0%,7.5,0
metronet ormond beach fl,0,0,6,6,0%,0%,7.67,5.83
metronet vandalia,0,0,6,0,0%,0%,7.67,0
metronet nicholasville,0,0,6,0,0%,0%,7.83,0
metronet batavia,0,0,6,0,0%,0%,8.17,0
metronet cs number,0,0,6,0,0%,0%,8.17,0
metronet sioux city ia,0,0,6,0,0%,0%,8.33,0
metronet altamonte springs,0,0,6,0,0%,0%,8.5,0
metronet mankato mn,0,0,6,0,0%,0%,8.5,0
metronet payment,0,0,6,0,0%,0%,8.5,0
how much is metronet,0,0,6,0,0%,0%,8.67,0
metronet crawfordsville in,0,0,6,0,0%,0%,8.67,0
metronet climax,0,0,6,0,0%,0%,8.83,0
metronet urbandale ia,0,0,6,0,0%,0%,8.83,0
metronet rose creek,0,0,6,0,0%,0%,9,0
fiber internet south elgin,0,0,6,2,0%,0%,9.67,8.5
metronet com,0,0,6,1,0%,0%,9.67,29
metronet tipp city,0,0,6,0,0%,0%,9.67,0
metronet east lansing michigan,0,0,6,0,0%,0%,9.83,0
metronet altamonte springs florida,0,0,6,0,0%,0%,10,0
metronet bundle packages,0,0,6,2,0%,0%,10.17,10
metronet belle plaine mn,0,0,6,0,0%,0%,10.33,0
metronet clive,0,0,6,0,0%,0%,10.33,0
metronet des moines ia,0,0,6,0,0%,0%,10.67,0
fiber internet seymour in,0,0,6,0,0%,0%,10.83,0
metronet east lansing mi,0,0,6,0,0%,0%,10.83,0
fibernet internet,0,0,6,0,0%,0%,11,0
metronet belle plaine minnesota,0,0,6,0,0%,0%,11,0
metronet vandalia ohio,0,0,6,0,0%,0%,11,0
www metronet,0,0,6,0,0%,0%,11,0
metronet madison lake,0,0,6,0,0%,0%,11.17,0
metronet bundles,0,0,6,0,0%,0%,11.5,0
metronet vincennes in,0,0,6,0,0%,0%,11.5,0
metronet bloomington/normal illinois,0,0,6,0,0%,0%,12,0
metronet kalamazoo michigan,0,0,6,0,0%,0%,12.17,0
metronet grand rapids michigan,0,0,6,0,0%,0%,12.83,0
metronet en español,0,0,6,0,0%,0%,13,0
fiber internet jacksonville nc,0,0,6,0,0%,0%,13.83,0
metronet package deals,0,0,6,0,0%,0%,13.83,0
fiber internet new castle in,0,0,6,0,0%,0%,16.5,0
wifi near me,0,0,6,0,0%,0%,16.5,0
fiber internet lexington kentucky,0,0,6,0,0%,0%,16.67,0
internet suppliers in my area,0,0,6,0,0%,0%,18.67,0
metronet reviews,0,0,6,0,0%,0%,19.17,0
fastest internet in my area,0,0,6,0,0%,0%,20.33,0
wifi companies near me,0,0,6,0,0%,0%,21,0
internet providers jacksonville nc,0,0,6,0,0%,0%,21.17,0
cable and internet providers,0,0,6,0,0%,0%,21.83,0
cable & internet providers,0,0,6,0,0%,0%,22.33,0
how much is metronet a month,0,0,6,0,0%,0%,22.33,0
internet companies in my area,0,0,6,0,0%,0%,22.33,0
internet provider in my area,0,0,6,0,0%,0%,23.17,0
internet offered in my area,0,0,6,0,0%,0%,23.67,0
fastest internet provider for my area,0,0,6,0,0%,0%,24,0
cable internet colorado springs,0,0,6,0,0%,0%,24.67,0
isp providers in my area,0,0,6,0,0%,0%,25.83,0
fiber in bloomington,0,0,6,0,0%,0%,28,0
fiber internet in bloomington,0,0,6,0,0%,0%,28.5,0
internet service providers,0,0,6,0,0%,0%,29.5,0
internet provider services,0,0,6,0,0%,0%,31.33,0
iowa city internet providers,0,0,6,0,0%,0%,33.17,0
professional fiber optic service price quotes minnesota,0,0,6,0,0%,0%,40.67,0
internet providers bloomington il,0,0,6,0,0%,0%,41.5,0
internet service in detroit,0,0,6,0,0%,0%,42.33,0
internet in detroit,0,0,6,0,0%,0%,44.5,0
internet service provider in colorado springs,0,0,6,0,0%,0%,45.83,0
internet companies detroit,0,0,6,0,0%,0%,47.5,0
metro east it support,0,0,6,0,0%,0%,66.67,0
metronet hickory,0,0,5,0,0%,0%,1.4,0
metronet waterville,0,0,5,4,0%,0%,2,2
metronet waterville mn,0,0,5,2,0%,0%,2,2
how much is metronet internet per month,0,0,5,0,0%,0%,2.4,0
metronet fiber pricing,0,0,5,0,0%,0%,2.4,0
fiber internet geneva il,0,0,5,0,0%,0%,2.6,0
fiber internet oswego illinois,0,0,5,0,0%,0%,2.6,0
fiber internet oswego il,0,0,5,0,0%,0%,3,0
metronet dundas,0,0,5,0,0%,0%,3,0
metronet oswego illinois,0,0,5,0,0%,0%,3,0
metronet south indianapolis indiana,0,0,5,0,0%,0%,3.2,0
metronet geneva il,0,0,5,0,0%,0%,3.4,0
metronet indiana,0,0,5,0,0%,0%,3.4,0
internet geneva il,0,0,5,1,0%,0%,3.8,2
metronet crawfordsville indiana,0,0,5,0,0%,0%,3.8,0
metronet la crosse wisconsin,0,0,5,0,0%,0%,3.8,0
fiber internet dexter mn,0,0,5,0,0%,0%,4,0
"metronet bloomington, il",0,0,5,0,0%,0%,4.4,0
metronet college station,0,0,5,0,0%,0%,4.4,0
internet oswego illinois,0,0,5,0,0%,0%,4.6,0
metronet carmel,0,0,5,0,0%,0%,4.8,0
metronet davenport ia,0,0,5,0,0%,0%,4.8,0
metronet otisco minnesota,0,0,5,0,0%,0%,4.8,0
fiber internet batavia il,0,0,5,0,0%,0%,5,0
is metronet fiber optic,0,0,5,0,0%,0%,5,0
metronet north aurora il,0,0,5,0,0%,0%,5,0
metronet jacksonville north carolina,0,0,5,0,0%,0%,5.4,0
metronet mason city ia,0,0,5,0,0%,0%,5.4,0
metronet south elgin il,0,0,5,0,0%,0%,5.6,0
internet geneva illinois,0,0,5,2,0%,0%,5.8,2
metronet eagle lake minnesota,0,0,5,0,0%,0%,5.8,0
internet providers oswego illinois,0,0,5,0,0%,0%,6,0
mwtronet,0,0,5,0,0%,0%,6,0
meteronet,0,0,5,0,0%,0%,6.4,0
metronet bettendorf ia,0,0,5,0,0%,0%,6.4,0
metronet cannon city mn,0,0,5,0,0%,0%,6.4,0
metronet customer care number,0,0,5,0,0%,0%,6.4,0
"metronet greenville, nc",0,0,5,0,0%,0%,6.4,0
metronet home phone,0,0,5,0,0%,0%,6.4,0
fastest isp in colona,0,0,5,0,0%,0%,6.6,0
metronet customer service number live person,0,0,5,0,0%,0%,6.6,0
metronet hamburg mn,0,0,5,0,0%,0%,7,0
metronet huntington in,0,0,5,0,0%,0%,7,0
metronet richmond kentucky,0,0,5,0,0%,0%,7,0
metronet sandwich il,0,0,5,0,0%,0%,7,0
metronet sioux city iowa,0,0,5,0,0%,0%,7,0
metronet tipp city ohio,0,0,5,0,0%,0%,7,0
metronet fishers in,0,0,5,0,0%,0%,7.4,0
internet providers colona,0,0,5,0,0%,0%,7.6,0
metro internet service,0,0,5,0,0%,0%,7.6,0
metronet byron minnesota,0,0,5,0,0%,0%,7.6,0
metronet brookville ohio,0,0,5,0,0%,0%,7.8,0
metronet customer care,0,0,5,0,0%,0%,7.8,0
metronet faribault minnesota,0,0,5,3,0%,0%,7.8,2
metronet lawrence,0,0,5,0,0%,0%,7.8,0
metronet palm coast florida,0,0,5,0,0%,0%,7.8,0
internet providers colona illinois,0,0,5,0,0%,0%,8,0
internet providers dexter minnesota,0,0,5,0,0%,0%,8,0
metronet berea kentucky,0,0,5,0,0%,0%,8,0
metronet franklin indiana,0,0,5,0,0%,0%,8,0
metronet plainfield,0,0,5,0,0%,0%,8,0
fiber internet norwood young america minnesota,0,0,5,0,0%,0%,8.2,0
metronet zionsville in,0,0,5,0,0%,0%,8.2,0
internet nicholasville ky,0,0,5,2,0%,0%,8.6,5.5
metronet grimes ia,0,0,5,0,0%,0%,8.6,0
metronet hope mills north carolina,0,0,5,2,0%,0%,8.6,9.5
metronet retail charge,0,0,5,1,0%,0%,8.6,52
internet batavia il,0,0,5,4,0%,0%,8.8,7.75
metronet ankeny iowa,0,0,5,0,0%,0%,8.8,0
metronet lakeville,0,0,5,0,0%,0%,9,0
metronet military discount,0,0,5,0,0%,0%,9,0
fiber internet nicholasville ky,0,0,5,0,0%,0%,9.4,0
metronet indianapolis in,0,0,5,0,0%,0%,9.4,0
metronet store,0,0,5,2,0%,0%,9.4,17
fiber internet waterville minnesota,0,0,5,0,0%,0%,9.6,0
metronet plainfield illinois,0,0,5,0,0%,0%,10,0
metronet silvis illinois,0,0,5,0,0%,0%,10,0
metronet madison in,0,0,5,0,0%,0%,10.2,0
metronet mayer mn,0,0,5,0,0%,0%,10.2,0
metronet le sueur mn,0,0,5,0,0%,0%,10.6,0
metronet bloomington/normal il,0,0,5,0,0%,0%,10.8,0
metronet waterloo ia,0,0,5,0,0%,0%,10.8,0
metronet greenville,0,0,5,0,0%,0%,11,0
metronet rock island,0,0,5,0,0%,0%,11,0
metronet new castle indiana,0,0,5,0,0%,0%,11.2,0
internet richmond ky,0,0,5,3,0%,0%,11.4,11.33
metronet brookville,0,0,5,0,0%,0%,11.6,0
internet providers in troy ohio,0,0,5,0,0%,0%,12,0
metronet rose creek mn,0,0,5,0,0%,0%,12,0
fiber internet crawfordsville,0,0,5,0,0%,0%,12.2,0
internet granger in,0,0,5,2,0%,0%,12.2,11
internet providers seymour indiana,0,0,5,0,0%,0%,12.4,0
how much is metronet internet,0,0,5,0,0%,0%,12.6,0
internet providers polk city iowa,0,0,5,0,0%,0%,13.8,0
fiber internet lafayette indiana,0,0,5,0,0%,0%,14,0
internet providers seymour in,0,0,5,0,0%,0%,15,0
internet providers sycamore il,0,0,5,0,0%,0%,15.2,0
metronet cancel service,0,0,5,0,0%,0%,16.2,0
metronet east lansing,0,0,5,0,0%,0%,17,0
internet norfolk va,0,0,5,0,0%,0%,18.2,0
metronet telephone number,0,0,5,0,0%,0%,18.6,0
internet providers coralville ia,0,0,5,0,0%,0%,18.8,0
internet providers ormond beach fl,0,0,5,0,0%,0%,19.4,0
mankato internet,0,0,5,0,0%,0%,23.6,0
cable tv and internet providers,0,0,5,0,0%,0%,24.2,0
internet providers berea ky,0,0,5,0,0%,0%,25,0
internet in toledo ohio,0,0,5,0,0%,0%,25.2,0
internet in westfield,0,0,5,0,0%,0%,25.2,0
internet services my area,0,0,5,0,0%,0%,29.4,0
climax nc internet providers,0,0,5,0,0%,0%,30.6,0
cheapest internet service,0,0,5,0,0%,0%,38.4,0
metronet quad cities,0,0,5,0,0%,0%,38.8,0
internet for home,0,0,5,0,0%,0%,39.8,0
internet packages detroit,0,0,5,0,0%,0%,40,0
best internet service,0,0,5,0,0%,0%,41.6,0
colorado springs fiber internet,0,0,5,0,0%,0%,45.6,0
internet services omaha,0,0,5,0,0%,0%,47.6,0
colorado springs high speed internet,0,0,5,0,0%,0%,53.2,0
metronet hickory north carolina,0,0,4,1,0%,0%,1.25,1
metronet westfield,0,0,4,0,0%,0%,1.75,0
metroconet,0,0,4,0,0%,0%,2,0
metronet clayton oh,0,0,4,0,0%,0%,2,0
metronet galesburg cooling,0,0,4,0,0%,0%,2,0
metronet galesburg generator,0,0,4,0,0%,0%,2,0
metronet galesburg pue,0,0,4,0,0%,0%,2,0
metronet norwood young america,0,0,4,3,0%,0%,2,2
metronet polk city ia,0,0,4,3,0%,0%,2,2
metronet gilbert iowa,0,0,4,2,0%,0%,2.5,11.5
metronet internet des moines,0,0,4,0,0%,0%,2.75,0
metronet romeoville,0,0,4,0,0%,0%,2.75,0
metronet zionsville,0,0,4,0,0%,0%,2.75,0
metronet byron,0,0,4,0,0%,0%,3,0
metronet sugar grove,0,0,4,0,0%,0%,3,0
fiber internet colona illinois,0,0,4,0,0%,0%,3.25,0
meteo net,0,0,4,0,0%,0%,3.25,0
metronet address check,0,0,4,0,0%,0%,3.75,0
metronet climax mi,0,0,4,0,0%,0%,3.75,0
metronet south elgin,0,0,4,0,0%,0%,3.75,0
metronet norwood young america mn,0,0,4,2,0%,0%,4.25,2
metronet dayton ohio,0,0,4,0,0%,0%,4.5,0
metronet moline,0,0,4,0,0%,0%,4.5,0
metronet iowa falls ia,0,0,4,0,0%,0%,4.75,0
metronet la crosse,0,0,4,0,0%,0%,4.75,0
13800 e michigan metronet,0,0,4,0,0%,0%,5,0
metronet greenwood in,0,0,4,3,0%,0%,5,7.67
metronet hope mills,0,0,4,0,0%,0%,5,0
metro et,0,0,4,0,0%,0%,5.25,0
metronet st. charles illinois,0,0,4,4,0%,0%,5.25,1
metronet phone number 24 7 usa,0,0,4,0,0%,0%,5.5,0
metronet polk city,0,0,4,4,0%,0%,5.5,2
metronet rochester,0,0,4,0,0%,0%,5.5,0
business internet in colona,0,0,4,0,0%,0%,5.75,0
is metronet fiber,0,0,4,0,0%,0%,5.75,0
metronet connersville in,0,0,4,0,0%,0%,5.75,0
metronet galesburg owner,0,0,4,0,0%,0%,6,0
metronet geneva,0,0,4,0,0%,0%,6,0
877 407 3224,0,0,4,0,0%,0%,6.25,0
high-speed internet in colona,0,0,4,0,0%,0%,6.75,0
internet providers oswego il,0,0,4,0,0%,0%,6.75,0
metronet sioux city phone number,0,0,4,0,0%,0%,6.75,0
meyronet,0,0,4,0,0%,0%,6.75,0
phone number for metronet customer service,0,0,4,0,0%,0%,6.75,0
metro.net careers,0,0,4,0,0%,0%,7,0
metronet cannon city,0,0,4,0,0%,0%,7,0
metronet home internet plans,0,0,4,0,0%,0%,7,0
fiber internet plainfield illinois,0,0,4,2,0%,0%,7.25,7.5
metronet colorado springs co,0,0,4,0,0%,0%,7.25,0
metronet berea ky,0,0,4,0,0%,0%,7.5,0
metronet company,0,0,4,0,0%,0%,7.5,0
metronet plans for seniors,0,0,4,0,0%,0%,7.5,0
metronet cologne mn,0,0,4,0,0%,0%,7.75,0
metronet online,0,0,4,0,0%,0%,7.75,0
metronet rochester minnesota,0,0,4,1,0%,0%,7.75,57
metronet servicio al cliente en español,0,0,4,0,0%,0%,7.75,0
metronet.,0,0,4,0,0%,0%,7.75,0
www.metronet.com,0,0,4,0,0%,0%,7.75,0
fiber internet waterloo iowa,0,0,4,0,0%,0%,8.25,0
metronet huber heights ohio,0,0,4,0,0%,0%,8.25,0
metronet troubleshooting,0,0,4,0,0%,0%,8.25,0
metronet customer service phone number live person 24 7,0,0,4,0,0%,0%,8.5,0
metronet dekalb illinois,0,0,4,0,0%,0%,8.5,0
metronet glenville,0,0,4,0,0%,0%,8.5,0
metronet pay bill phone number,0,0,4,0,0%,0%,8.5,0
metronet franklin in,0,0,4,0,0%,0%,8.75,0
metronet huber heights,0,0,4,0,0%,0%,8.75,0
fiber internet elgin il,0,0,4,0,0%,0%,9,0
metronet baton rouge,0,0,4,0,0%,0%,9,0
metronet victoria minnesota,0,0,4,0,0%,0%,9,0
metronet sign up,0,0,4,0,0%,0%,9.25,0
metronet transfer service,0,0,4,0,0%,0%,9.25,0
metronet greenville north carolina,0,0,4,0,0%,0%,9.5,0
internet davenport iowa,0,0,4,3,0%,0%,10.25,10.33
metronet ayden nc,0,0,4,0,0%,0%,10.25,0
fiber internet granger indiana,0,0,4,0,0%,0%,10.5,0
internet blooming prairie mn,0,0,4,0,0%,0%,10.5,0
fiber internet north aurora illinois,0,0,4,0,0%,0%,10.75,0
metronet 2 gig,0,0,4,0,0%,0%,10.75,0
metronet medford,0,0,4,0,0%,0%,10.75,0
internet vandalia ohio,0,0,4,0,0%,0%,11,0
metronet hampton,0,0,4,0,0%,0%,11.25,0
metronet wabash indiana,0,0,4,0,0%,0%,11.25,0
metronet ypsilanti,0,0,4,0,0%,0%,11.25,0
fiber internet climax mi,0,0,4,0,0%,0%,11.5,0
internet hope mills north carolina,0,0,4,0,0%,0%,11.5,0
internet north aurora,0,0,4,0,0%,0%,11.5,0
internet providers carmel indiana,0,0,4,0,0%,0%,11.5,0
internet providers franklin indiana,0,0,4,0,0%,0%,11.5,0
metronet plymouth mn,0,0,4,0,0%,0%,11.5,0
metronet silvis il,0,0,4,0,0%,0%,11.5,0
metronet south indianapolis in,0,0,4,0,0%,0%,11.5,0
fiber internet franklin in,0,0,4,0,0%,0%,11.75,0
internet north aurora il,0,0,4,0,0%,0%,11.75,0
fiber internet sycamore illinois,0,0,4,0,0%,0%,12,0
internet providers plainfield il,0,0,4,2,0%,0%,12,13
internet seymour indiana,0,0,4,0,0%,0%,12,0
metronet wabash,0,0,4,0,0%,0%,12,0
fiber internet st. charles illinois,0,0,4,0,0%,0%,12.25,0
internet north aurora illinois,0,0,4,0,0%,0%,12.25,0
internet south elgin illinois,0,0,4,2,0%,0%,12.5,15.5
metronet ayden,0,0,4,0,0%,0%,12.5,0
fiber internet wilmore,0,0,4,0,0%,0%,12.75,0
internet climax mi,0,0,4,0,0%,0%,12.75,0
internet crawfordsville in,0,0,4,0,0%,0%,12.75,0
fiber internet norfolk,0,0,4,0,0%,0%,13,0
internet iowa falls,0,0,4,0,0%,0%,13,0
internet wilmore kentucky,0,0,4,0,0%,0%,13,0
internet sugar grove il,0,0,4,0,0%,0%,13.25,0
fiber internet batavia,0,0,4,0,0%,0%,13.5,0
internet providers wilmore ky,0,0,4,0,0%,0%,13.5,0
fiber internet geneva,0,0,4,0,0%,0%,13.75,0
fiber internet gilbert iowa,0,0,4,0,0%,0%,13.75,0
fiber internet madison indiana,0,0,4,0,0%,0%,13.75,0
fiber internet palm coast fl,0,0,4,0,0%,0%,13.75,0
internet jewell iowa,0,0,4,0,0%,0%,13.75,0
internet providers crawfordsville in,0,0,4,0,0%,0%,14,0
internet wilmore,0,0,4,0,0%,0%,14,0
fiber internet lafayette in,0,0,4,0,0%,0%,14.25,0
internet providers st. charles illinois,0,0,4,0,0%,0%,14.25,0
metronet hampton ia,0,0,4,0,0%,0%,14.75,0
fiber internet jewell,0,0,4,0,0%,0%,15,0
internet polk city ia,0,0,4,0,0%,0%,15,0
fiber internet clive ia,0,0,4,0,0%,0%,15.5,0
fiber internet connersville,0,0,4,0,0%,0%,15.5,0
fiber internet ormond beach florida,0,0,4,0,0%,0%,15.5,0
internet providers vandalia oh,0,0,4,0,0%,0%,15.5,0
metronet kalamazoo,0,0,4,0,0%,0%,15.5,0
fiber internet plainfield,0,0,4,0,0%,0%,15.75,0
fiber internet raeford nc,0,0,4,0,0%,0%,15.75,0
fiber internet versailles kentucky,0,0,4,0,0%,0%,15.75,0
internet providers ormond beach florida,0,0,4,0,0%,0%,15.75,0
internet providers raeford north carolina,0,0,4,0,0%,0%,16,0
metro connect internet,0,0,4,4,0%,0%,16,44
internet providers west milton ohio,0,0,4,0,0%,0%,16.25,0
internet jewell,0,0,4,0,0%,0%,16.5,0
internet providers north aurora,0,0,4,0,0%,0%,16.5,0
fiber internet westfield indiana,0,0,4,0,0%,0%,16.75,0
fiber internet belle plaine mn,0,0,4,0,0%,0%,17,0
internet providers iowa falls,0,0,4,0,0%,0%,17,0
internet providers norwood young america mn,0,0,4,0,0%,0%,17,0
internet providers polk city,0,0,4,0,0%,0%,17,0
fiber internet new castle indiana,0,0,4,0,0%,0%,17.5,0
internet clive ia,0,0,4,0,0%,0%,17.75,0
internet carmel,0,0,4,0,0%,0%,18,0
internet providers faribault mn,0,0,4,0,0%,0%,18,0
internet providers owatonna,0,0,4,0,0%,0%,18.75,0
internet providers coralville iowa,0,0,4,0,0%,0%,19,0
fiber internet indianapolis in,0,0,4,0,0%,0%,19.5,0
internet providers granger in,0,0,4,0,0%,0%,19.75,0
fiber internet coralville,0,0,4,0,0%,0%,20,0
internet providers faribault,0,0,4,0,0%,0%,20,0
wifi providers near me,0,0,4,0,0%,0%,20.75,0
home internet indianapolis,0,0,4,0,0%,0%,21.25,0
fiber internet west milton ohio,0,0,4,0,0%,0%,21.5,0
high speed internet near me,0,0,4,0,0%,0%,22.25,0
indianapolis fiber internet,0,0,4,0,0%,0%,23,0
internet fayetteville nc,0,0,4,0,0%,0%,23.5,0
internet palm coast fl,0,0,4,0,0%,0%,23.75,0
business wifi naperville,0,0,4,0,0%,0%,24.75,0
orlando internet,0,0,4,0,0%,0%,25.25,0
commercial fiber installation aurora il,0,0,4,0,0%,0%,25.5,0
multi mode fiber installation aurora il,0,0,4,0,0%,0%,25.75,0
internet providers normal il,0,0,4,0,0%,0%,26.25,0
internet providers norfolk va,0,0,4,0,0%,0%,27.25,0
internet naperville,0,0,4,0,0%,0%,28,0
internet service providers in toledo ohio,0,0,4,0,0%,0%,29.25,0
rochester mn fiber internet,0,0,4,0,0%,0%,30,0
toledo internet providers,0,0,4,0,0%,0%,30,0
altamonte springs fiber internet,0,0,4,0,0%,0%,30.5,0
fiber internet rochester mn,0,0,4,0,0%,0%,31.75,0
fiber optic installation indianapolis,0,0,4,0,0%,0%,33.5,0
ann arbor internet providers,0,0,4,0,0%,0%,34,0
internet providers toledo,0,0,4,0,0%,0%,34.75,0
internet providers sioux city,0,0,4,0,0%,0%,35.25,0
home internet services,0,0,4,0,0%,0%,38,0
internet providers iowa city,0,0,4,0,0%,0%,38.5,0
internet providers lansing mi,0,0,4,0,0%,0%,38.5,0
metronet metro brokers,0,0,4,0,0%,0%,40.5,0
grand rapids internet providers,0,0,4,0,0%,0%,40.75,0
internet service detroit,0,0,4,0,0%,0%,43.75,0
internet providers in colorado springs,0,0,4,0,0%,0%,47,0
wifi iowa city,0,0,4,0,0%,0%,51.25,0
metrocast,0,0,4,0,0%,0%,58,0
metronet wilmington nc,0,0,4,0,0%,0%,69.75,0
metronet greencastle in,0,0,4,0,0%,0%,76.5,0
fiber internet installation timeline altoona iowa,0,0,3,0,0%,0%,1,0
metronet raeford nc,0,0,3,2,0%,0%,1,3
metronet st. charles il,0,0,3,0,0%,0%,1.33,0
metronet colona illinois,0,0,3,7,0%,0%,1.67,2.43
metronet jordan,0,0,3,3,0%,0%,1.67,2
metronet monthly cost,0,0,3,0,0%,0%,1.67,0
metronet new germany mn,0,0,3,0,0%,0%,1.67,0
metronet dexter mn,0,0,3,3,0%,0%,2,2
metronet dundas minnesota,0,0,3,0,0%,0%,2,0
metronet ellendale minnesota,0,0,3,0,0%,0%,2,0
metronet norfolk virginia,0,0,3,0,0%,0%,2,0
metronet polk city iowa,0,0,3,2,0%,0%,2,1.5
metronet sugar grove illinois,0,0,3,2,0%,0%,2,2
metronet waterville minnesota,0,0,3,2,0%,0%,2,2
metronet wilmore ky,0,0,3,2,0%,0%,2,1.5
metronet bettendorf iowa,0,0,3,0,0%,0%,2.33,0
metronet faribault,0,0,3,1,0%,0%,2.33,1
metronet internet rochester mn,0,0,3,0,0%,0%,2.33,0
metronet availability johnston iowa,0,0,3,0,0%,0%,2.67,0
metronet grimes,0,0,3,0,0%,0%,2.67,0
metronet installation cost and activation fee,0,0,3,0,0%,0%,2.67,0
metri net,0,0,3,0,0%,0%,3,0
metronet bloomington normal illinois fiber,0,0,3,0,0%,0%,3,0
metronet clayton,0,0,3,0,0%,0%,3,0
metronet gilbert ia,0,0,3,0,0%,0%,3,0
metronet granger,0,0,3,0,0%,0%,3,0
metronet internet price,0,0,3,0,0%,0%,3,0
metronet le sueur,0,0,3,0,0%,0%,3,0
metronet new castle,0,0,3,0,0%,0%,3,0
metronet oswego,0,0,3,0,0%,0%,3,0
metronet oswego il,0,0,3,0,0%,0%,3,0
metronet climax michigan,0,0,3,0,0%,0%,3.33,0
metronet granger indiana,0,0,3,0,0%,0%,3.33,0
metronet lawrence indiana,0,0,3,0,0%,0%,3.33,0
metronet palm coast fl,0,0,3,0,0%,0%,3.33,0
metronet versailles kentucky,0,0,3,0,0%,0%,3.33,0
metronet waconia,0,0,3,0,0%,0%,3.33,0
"fiber internet mankato, mn",0,0,3,0,0%,0%,3.67,0
metronet st. peters mn,0,0,3,0,0%,0%,3.67,0
metronet byron mn,0,0,3,0,0%,0%,4,0
metronet colona,0,0,3,0,0%,0%,4,0
metronet new bern north carolina,0,0,3,0,0%,0%,4,0
metronet official website,0,0,3,0,0%,0%,4,0
metronet romeoville il,0,0,3,0,0%,0%,4,0
metronet urbandale iowa,0,0,3,0,0%,0%,4,0
metronet versailles ky,0,0,3,0,0%,0%,4,0
fiber internet dexter minnesota,0,0,3,0,0%,0%,4.33,0
metrolink internet service,0,0,3,0,0%,0%,4.33,0
metronet eagle lake mn,0,0,3,0,0%,0%,4.33,0
metronet glenville minnesota,0,0,3,0,0%,0%,4.33,0
metronet grimes iowa,0,0,3,0,0%,0%,4.33,0
metronet moline il,0,0,3,0,0%,0%,4.33,0
metronet raeford,0,0,3,0,0%,0%,4.33,0
metronet seymour in,0,0,3,0,0%,0%,4.33,0
metronet tallahassee fl,0,0,3,0,0%,0%,4.33,0
metronet vandalia oh,0,0,3,0,0%,0%,4.33,0
fiber internet colona,0,0,3,0,0%,0%,4.67,0
metronet westfield in,0,0,3,3,0%,0%,4.67,11.33
fiber internet norwood young america mn,0,0,3,0,0%,0%,5,0
internet colona,0,0,3,0,0%,0%,5,0
metro.net ames reviews,0,0,3,0,0%,0%,5,0
metroet,0,0,3,0,0%,0%,5.33,0
metronet englewood oh,0,0,3,0,0%,0%,5.33,0
metronet le sueur minnesota,0,0,3,0,0%,0%,5.33,0
metronet wifi plans,0,0,3,0,0%,0%,5.33,0
etronet,0,0,3,0,0%,0%,5.67,0
metra net,0,0,3,0,0%,0%,5.67,0
metronet dekalb il,0,0,3,0,0%,0%,5.67,0
metronet hampton iowa,0,0,3,0,0%,0%,5.67,0
metronet's phone number,0,0,3,0,0%,0%,5.67,0
metronet glenville mn,0,0,3,0,0%,0%,6,0
metronet mayer,0,0,3,0,0%,0%,6,0
metronet montgomery,0,0,3,0,0%,0%,6,0
metronet north aurora,0,0,3,0,0%,0%,6,0
internet providers colona il,0,0,3,0,0%,0%,6.33,0
metronet 1800 number,0,0,3,0,0%,0%,6.33,0
metronet colorado springs colorado,0,0,3,0,0%,0%,6.33,0
metronet davenport iowa phone number,0,0,3,0,0%,0%,6.33,0
metronet englewood ohio,0,0,3,0,0%,0%,6.33,0
metronet otisco mn,0,0,3,0,0%,0%,6.33,0
metronnet,0,0,3,0,0%,0%,6.33,0
metro.net customer service,0,0,3,0,0%,0%,6.67,0
metronet customer support telephone number,0,0,3,0,0%,0%,6.67,0
metronet internet customer service phone number,0,0,3,0,0%,0%,6.67,0
www.metronet,0,0,3,0,0%,0%,6.67,0
metronet black friday,0,0,3,0,0%,0%,7,0
metronet fiber optic internet,0,0,3,0,0%,0%,7,0
metronet medford mn,0,0,3,0,0%,0%,7,0
metronet southfield,0,0,3,0,0%,0%,7,0
metronet tipp city oh,0,0,3,1,0%,0%,7,11
waterloo fiber internet,0,0,3,0,0%,0%,7,0
fiber internet hickory nc,0,0,3,0,0%,0%,7.33,0
internet providers blooming prairie mn,0,0,3,0,0%,0%,7.33,0
internet providers dexter mn,0,0,3,0,0%,0%,7.33,0
metronet customer service phone number 24 7 usa,0,0,3,0,0%,0%,7.33,0
metronet hayfield minnesota,0,0,3,0,0%,0%,7.33,0
metronet huber heights oh,0,0,3,0,0%,0%,7.33,0
metronet vs local cable better deal,0,0,3,0,0%,0%,7.33,0
metronett,0,0,3,0,0%,0%,7.33,0
fiber internet blooming prairie mn,0,0,3,0,0%,0%,7.67,0
metrofibernet,0,0,3,0,0%,0%,7.67,0
metronet bloomington/normal,0,0,3,0,0%,0%,7.67,0
metronet east moline il,0,0,3,0,0%,0%,7.67,0
metronet map coverage,0,0,3,0,0%,0%,7.67,0
fiber internet blooming prairie minnesota,0,0,3,0,0%,0%,8,0
fiber internet nicholasville kentucky,0,0,3,0,0%,0%,8,0
internet providers nicholasville kentucky,0,0,3,2,0%,0%,8,7
metronet 24 hour customer service,0,0,3,0,0%,0%,8,0
metronet dekalb,0,0,3,0,0%,0%,8,0
metronet eagle lake,0,0,3,0,0%,0%,8,0
metronet east moline,0,0,3,0,0%,0%,8,0
call metronet,0,0,3,0,0%,0%,8.33,0
fiber internet carmel in,0,0,3,4,0%,0%,8.33,7.5
internet providers waterville minnesota,0,0,3,0,0%,0%,8.33,0
metronet internet service features,0,0,3,0,0%,0%,8.33,0
metronet lexington ky phone number,0,0,3,0,0%,0%,8.33,0
metronet watertown minnesota,0,0,3,1,0%,0%,8.33,17
metronet austin,0,0,3,0,0%,0%,8.67,0
metronet live chat,0,0,3,0,0%,0%,8.67,0
metronet montgomery mn,0,0,3,2,0%,0%,8.67,14
"""netdealcompare"" ""metrofiber 500""",0,0,3,0,0%,0%,9,0
fiber internet greenwood in,0,0,3,0,0%,0%,9,0
metronet fayetteville north carolina,0,0,3,0,0%,0%,9,0
metronet geneva mn,0,0,3,0,0%,0%,9,0
metronet hayfield,0,0,3,0,0%,0%,9,0
metronet inc,0,0,3,0,0%,0%,9,0
metronet sheffield ia,0,0,3,0,0%,0%,9,0
metronet vs cable internet performance,0,0,3,0,0%,0%,9,0
network installation st charles il,0,0,3,0,0%,0%,9,0
fiber internet carmel indiana,0,0,3,2,0%,0%,9.33,7.5
fiber internet nicholasville,0,0,3,0,0%,0%,9.33,0
internet waterville mn,0,0,3,0,0%,0%,9.33,0
metronet acp,0,0,3,0,0%,0%,9.33,0
metronet urbandale,0,0,3,0,0%,0%,9.33,0
fiber internet south elgin il,0,0,3,0,0%,0%,9.67,0
fiber internet south elgin illinois,0,0,3,0,0%,0%,9.67,0
metronet connersville minnesota,0,0,3,0,0%,0%,9.67,0
netronet,0,0,3,0,0%,0%,9.67,0
metronet watertown mn,0,0,3,0,0%,0%,10,0
fiber internet granger in,0,0,3,0,0%,0%,10.33,0
fiber internet north aurora il,0,0,3,0,0%,0%,10.33,0
internet dexter minnesota,0,0,3,0,0%,0%,10.33,0
metronet phone number to pay bill,0,0,3,0,0%,0%,10.33,0
fiber internet seymour indiana,0,0,3,0,0%,0%,10.67,0
internet providers batavia,0,0,3,1,0%,0%,10.67,9
best internet provider in colona,0,0,3,0,0%,0%,11,0
fiber internet richmond ky,0,0,3,0,0%,0%,11,0
internet carmel indiana,0,0,3,0,0%,0%,11,0
internet hope mills nc,0,0,3,0,0%,0%,11,0
internet providers plainfield illinois,0,0,3,2,0%,0%,11,11
internet providers sugar grove illinois,0,0,3,0,0%,0%,11,0
metro hudsonville,0,0,3,0,0%,0%,11,0
fiber internet richmond kentucky,0,0,3,0,0%,0%,11.33,0
internet nicholasville kentucky,0,0,3,0,0%,0%,11.33,0
internet providers carmel in,0,0,3,0,0%,0%,11.33,0
internet seymour in,0,0,3,0,0%,0%,11.33,0
internet wilmore ky,0,0,3,0,0%,0%,11.33,0
metronet address,0,0,3,0,0%,0%,11.33,0
metronet ayden north carolina,0,0,3,0,0%,0%,11.33,0
metronet internet speeds,0,0,3,0,0%,0%,11.33,0
metronet speed,0,0,3,0,0%,0%,11.33,0
internet climax michigan,0,0,3,0,0%,0%,11.67,0
internet hope mills,0,0,3,0,0%,0%,11.67,0
internet st. charles illinois,0,0,3,0,0%,0%,11.67,0
metronet englewood,0,0,3,0,0%,0%,11.67,0
metronet hampton illinois,0,0,3,0,0%,0%,11.67,0
lexington ky internet,0,1,0,1,0%,100%,0,1
davenport internet,0,0,2,13,0%,0%,26,21.31
metronet clayton ohio,0,0,2,4,0%,0%,2,2
metronet batavia illinois,0,0,2,3,0%,0%,2,2
internet providers south elgin,0,0,3,3,0%,0%,14,10.33
internet providers hope mills nc,0,0,2,3,0%,0%,11,11.33
metronet coralville,0,0,2,2,0%,0%,1,1
metronet jewell,0,0,2,2,0%,0%,2,2
metronet jordan mn,0,0,2,2,0%,0%,2,2
metronet new germany,0,0,2,2,0%,0%,2,2
how much does metronet cost,0,0,2,2,0%,0%,4,2.5
metromet,0,0,1,2,0%,0%,2,3
internet providers batavia il,0,0,2,2,0%,0%,3,5
internet oswego,0,0,3,2,0%,0%,15,13
internet providers south elgin il,0,0,3,2,0%,0%,19.33,13.5
internet south elgin il,0,0,3,2,0%,0%,13.33,13.5
metronet northfield,0,0,2,2,0%,0%,5,14
internet davenport ia,0,0,3,2,0%,0%,15.67,15.5
internet providers south elgin illinois,0,0,3,2,0%,0%,14.67,16
internet providers davenport iowa,0,0,3,2,0%,0%,18.33,18.5
internet providers davenport,0,0,1,2,0%,0%,23,23
does metronet have cable tv,0,0,1,2,0%,0%,10,55
metronet retail overland,0,0,0,2,0%,0%,0,63
internet waterloo ia,0,0,0,1,0%,0%,0,2
metronet outage,0,0,1,1,0%,0%,2,3
"who is the best internet provider in elgin, il?",0,0,0,1,0%,0%,0,3
zip code 40502,0,0,0,1,0%,0%,0,3
internet providers nicholasville,0,0,2,1,0%,0%,12.5,9
fiber internet norwalk,0,0,1,1,0%,0%,10,11
internet richmond kentucky,0,0,3,1,0%,0%,15.33,14
internet davenport,0,0,1,1,0%,0%,20,20
"""eleven fifty academy"" ""46240""",0,0,1,1,0%,0%,13,38
metronet plan,0,0,1,1,0%,0%,6,40
metrobet,0,0,2,1,0%,0%,37,43
gonetspeed availability,0,0,0,1,0%,0%,0,50
is gonetspeed available in my area,0,0,0,1,0%,0%,0,51
metronet evansville,0,0,0,1,0%,0%,0,59
metrofibre careers,0,0,0,1,0%,0%,0,60
what kind of internet is metronet,0,0,0,1,0%,0%,0,60
is metronet public,0,0,0,1,0%,0%,0,68
metro fiber optic,0,0,0,1,0%,0%,0,69
urbandale business internet,0,0,1,1,0%,0%,29,72
merronet,0,0,2,1,0%,0%,9,90